
INSERT INTO client (name, surname, dateOfBirth, gender) VALUES
('Иван', 'Иванов', '1985-03-15', 'MALE'),
('Анна', 'Петрова', '1992-07-22', 'FEMALE'),
('Сергей', 'Волков', '1988-11-05', 'MALE'),
('Елена', 'Соколова', '1995-01-30', 'FEMALE'),
('Дмитрий', 'Смирнов', '1980-06-12', 'MALE'),
('Мария', 'Кузнецова', '1993-09-18', 'FEMALE'),
('Алексей', 'Попов', '1987-12-03', 'MALE'),
('Ольга', 'Федорова', '1990-04-25', 'FEMALE'),
('Николай', 'Орлов', '1982-08-09', 'MALE'),
('Светлана', 'Новикова', '1994-02-14', 'FEMALE');

INSERT INTO room (roomNumber, price, place, type, status, stars) VALUES
(401, 9000, 5, 'PRESIDENT', 'FIVE'),
(101, 2500, 2, 'STANDART', 'THREE'),
(501, 2500, 2, 'STANDART', 'TWO'),
(102, 3000, 2, 'STANDARTPLUS', 'FOUR'),
(103, 3200, 2, 'STANDARTPLUS', 'FOUR'),
(201, 4500, 3, 'LUX', 'FOUR'),
(202, 5000, 3, 'DELUXE', 'FIVE'),
(203, 4800, 3, 'LUX', 'FOUR'),
(301, 7000, 4, 'PRESIDENT', 'FIVE'),
(302, 7500, 4, 'PRESIDENT', 'FIVE'),
(303, 7200, 4, 'DELUXE', 'FIVE')
ON CONFLICT(roomNumber) DO NOTHING;

INSERT INTO booking (checkInDate, checkOutDate, totalPrice, roomNumber, id_client) VALUES
('2025-12-01', '2025-12-05', 10000, 101, 1),
('2025-12-02', '2025-12-06', 12000, 102, 2),
('2025-12-03', '2025-12-04', 3200, 103, 3),
('2025-12-05', '2025-12-10', 22500, 201, 4),
('2025-12-06', '2025-12-08', 10000, 202, 5),
('2025-12-07', '2025-12-12', 24000, 203, 6),
('2025-12-08', '2025-12-13', 35000, 301, 7),
('2025-12-09', '2025-12-11', 15000, 302, 8),
('2025-12-10', '2025-12-14', 28800, 303, 9),
('2025-12-11', '2025-12-16', 45000, 401, 10);

INSERT INTO service (typeService, serviceName, servicePrice, duration, date, id_client) VALUES
('ROOM', 'Уборка номера', 500, 90, '2025-12-01', 1),
('FOOD', 'Завтрак', 800, 30, '2025-12-02', 2),
('OTHER', 'Массаж', 1500, 120, '2025-12-03', 3),
('FOOD', 'Ужин', 1200, 45, '2025-12-05', 4),
('ROOM', 'Замена полотенец', 300, 15, '2025-12-06', 5),
('OTHER', 'Спа-процедура', 2000, 105, '2025-12-07', 6),
('FOOD', 'Обед', 1000, 40, '2025-12-08', 7),
('ROOM', 'Глажка одежды', 400, 20, '2025-12-09', 8),
('OTHER', 'Тренажерный зал', 600, 60, '2025-12-10', 9),
('FOOD', 'Фуршет', 1500, 90, '2025-12-11', 10);